# Per-network motion input means (M_m) for the 5 coherence levels (5,10,20,30,45%),
# fitted by Loewe et al. (2024) to match each of 99 human participants.
# Source: https://gitlab.com/aloewe/insightnets, Experiments/Simulations/GatedRegModel/fitted_cohs_reg.npy
# One row per network; columns are coherence levels 0..4.
0.1382278889,9.107298249e-19,0.1084239229,0.1718071704,0.171104204
8.035128677e-05,0.00163527969,0.2491246659,0.2745263086,0.2979721292
0.04012475806,0.4512031965,0.2803833287,0.2333169989,0.4972564634
0.03355458094,0.002525805655,0.04054019248,0.2456129283,0.3748938364
0.1092123895,1.337814762e-08,0.1107385532,0.3937761926,0.2583696916
0.0910913805,0.138426662,0.3371687213,0.4263463389,0.5817660066
0.06308183166,0.0001860733184,0.364678526,0.349244404,0.4362634452
0.05409511984,0.03415562353,0.06703087246,0.222510647,0.2702731147
0.1091215194,0.004873891619,0.09561389655,0.2370566126,0.3582734259
0.001241649344,0.04501411216,0.07251532484,0.1936555882,0.3189843117
6.776263578e-21,0.1097126432,0.1743699408,0.3052841871,0.3435126819
3.851859889e-34,6.162975822e-33,0.07454469232,0.205982384,0.3403531094
0.0005984321675,0.0001817067483,0.2271968473,0.1397749489,0.4085844513
0.1057783104,0.2951018712,0.287577933,0.2891333352,0.3242075232
0.0591111088,0.1622423047,0.07988378302,0.1619748395,0.3927654031
0.08539506412,0.2143535401,0.2124686136,0.5718004407,0.3895904483
0.02242559581,0.1187524686,0.298875773,0.3790070461,0.3585889452
6.987185535e-06,4.844990202e-05,0.1722206134,0.3012362426,0.3030243409
0.08126348509,6.797686366e-05,0.1599966026,0.2891337405,0.3700417444
0.007635365969,0.06996744345,0.3723405428,0.4504277832,0.4463461253
0.06343663051,0.06646503319,0.246330851,0.3031952151,0.5188315098
0.01941324468,4.130652848e-08,0.1238880922,0.2979863955,0.4697377525
0.1006789689,0.1115337312,0.3557219347,0.3905088809,0.4606355442
0.00141729202,0.1052874773,0.2159177768,0.3079057773,0.2748613592
0.00057833836,0.1301198748,0.05977999281,0.1885383034,0.4680911944
0.1034056347,0.04663006453,0.1986134042,0.3802945029,0.2396603324
0.0654210259,0.0002971600416,0.4212906451,0.450966339,0.4393976765
3.673419846e-40,6.06930265e-29,0.06183865712,0.2161423578,0.5055695858
0.02032567479,0.2753879961,2.428612857e-28,0.1922534803,0.3549015802
0.00708559757,0.012494854,0.3356455413,0.1888777092,0.3996209787
0.06235994407,0.09312125925,0.1524514886,0.3584252912,0.1517632484
0.0989328706,0.06056531118,0.285594627,0.3778448634,0.4434547057
0.08386584455,0.0003479828918,0.1949689417,0.4942295083,0.2704524989
0.04210787107,0.0630476738,0.2653960561,0.5220764682,0.3696901122
0.01667589948,0.05972445911,0.1563931406,0.366313678,0.3732915855
0.08481604563,0.006546948657,0.3061258326,0.3943639086,0.4813103958
0.199877257,0.04984124471,0.07872150332,0.3524922462,0.3237393403
0,0.04303171932,0.03969916031,0.3260101824,0.2544903316
0.07633368767,0.1794226253,0.2793620267,0.3486350416,0.3151836473
0.09643670361,0.05700481652,0.3454482363,0.4272591372,0.3972085066
0.03275691419,1.164947394e-05,0.2022739739,0.1539367318,0.2955318948
0.0317287251,0.05433984954,0.2268961036,0.4900820395,0.3524770137
0.0004259237531,0.0008711840004,0.115667965,0.2283142113,0.143990316
0,0.001633104531,0.02834597655,0.1534069504,0.4063683022
0.01633825864,0.1630956324,0.1058733167,0.3243587967,0.2464626284
0.07912165907,0.05721754454,0.2259078327,0.3974498525,0.3414895919
0.06529002626,0.1107440375,0.2700352617,0.2385993077,0.4386342946
0.08294057006,0.05657693862,0.2460335543,0.4962410027,0.4198772555
7.05613765e-09,0.1532290487,0.1211810344,0.1218003247,0.2759493257
0.1274287728,0.2631605344,0.2643270222,0.319494723,0.3887698585
0.121386455,0.08654541325,0.1154428552,0.2682791472,0.1436338088
0.03610469162,0.0005314156806,0.2967108517,0.2434099425,0.3901915987
0.003321885706,0.04240054729,0.2434623579,0.3909355103,0.2292679692
0.215499639,0.1684965125,0.2015796852,0.3541568593,0.2976458889
0.08093178102,0.1249859542,0.2383538031,0.4175016881,0.322089173
0,0.07021566238,0.06466783703,0.2267122626,0.5453034279
0.0501196356,0.04998117975,0.1709073292,0.3825804638,0.1655876477
0.09344013483,0.08802332541,0.1965014151,0.246005773,0.7561940521
0.06838503845,0.2551383327,0.2213004099,0.3295119057,0.3557335548
0.03371197817,0.05265956045,0.3667087441,0.2540608536,0.20331329
0.1025670824,0.1213565268,0.3839985356,0.5293551066,0.4384464828
0.1571888889,0,0.1413573064,0.1395007073,0.2126768063
0.1791586437,0.1671824799,0.2845175992,0.412616774,0.2725312697
0,0.05876863871,0.1191169941,0.4508841316,0.2384399858
0.06572040324,0.102793467,0.1593693989,0.2619713904,0.379534557
0.1612393145,0.000363031527,0.1605335627,0.2988648395,0.3133034145
0.05793438157,0.116219448,0.2823411742,0.2849643075,0.4755826926
0.06604807773,0.06252404273,0.1538944835,0.2516608596,0.434525549
0,0.3237051434,0.1349458697,0.2503296936,0.3351107758
0.09457704259,0.1751905301,0.1331425067,0.3230385337,0.3771820566
2.457859787e-48,0,0.120028705,0.2259361825,0.2262582954
0.1039959649,0.04679530922,0.1198352727,0.3087794483,0.3872028164
0.08133141612,0.09887890467,0.2078721915,0.3234641495,0.406037401
0.1175324372,0.06068705072,0.2780930979,0.2662955729,0.381970457
0.06434388702,0.1045238242,0.2438160662,0.2381867675,0.3318038393
0.07685146285,0.0001332324308,0.4015646642,0.4357973214,0.455105571
0.09846774576,0.0001227453423,0.2188113371,0.2924311183,0.4108864999
0.004995269706,0.06766720922,0.4859359317,0.4930278972,0.412966331
0.03297785882,0.1076153282,0.2149998213,0.317925567,0.3760387166
0.05267787907,0.004538638131,0.1304062881,0.2214722462,0.2503387204
0.02103507712,0.001198162265,0.1512956481,0.3790579649,0.361901479
0.01433005512,0.1166457375,0.1531720467,0.3103671406,0.3587134611
0.07065178551,7.411538288e-23,0.3452372058,0.2748621507,0.3529459502
0.1036644556,0.1621516918,0.3415501074,0.2509480649,0.2477284691
0.0479171722,0.1605217611,0.3031800658,0.2465040904,0.3246021057
0.08580947419,0.1765455822,0.2693583949,0.2102335182,0.4037289366
0.06999840856,0.1124298153,1.559899389e-06,0.1770635662,0.3526043334
0.1485252769,0.1505160653,0.1900057211,0.3354822502,0.3064079195
0.06477711626,0.2540492073,0.4045148355,0.3757866036,0.295784251
0.07322017589,0.06062133254,0.1025195385,0.4803790581,0.4583790544
0.06361050004,0.1168877894,0.1493618364,0.4575760163,0.2691895993
0.03656282918,1.852884572e-23,0.04955310825,0.2599272749,0.3337938012
0.07094361074,0.2830753419,0.02515194909,0.187095963,0.4287846857
0.1428300029,0.05275890203,0.2089061,0.3051034136,0.4770615068
0.06429698398,0.1024246717,0.2505775807,0.327353482,0.2362175959
0.05230664968,0.05487377359,0.1699143651,0.3834761204,0.4538581208
0.03502746293,0,0.07576725055,0.1822072409,0.4108404057
0.1724007293,0.0537300401,0.129556267,0.1920187276,0.5095478841
0.1110190151,0.3931552221,0.2053458361,0.3503569528,0.2832763558
